"Date","Price","Open","High","Low","Vol.","Change %"
"23-08-2026","3,186.00","2,882.00","3,186.00","2,882.00","","12.14%"
"16-08-2026","2,841.00","2,791.00","2,841.00","2,791.00","","-0.77%"
"09-08-2026","2,863.00","2,863.00","2,863.00","2,863.00","","-7.32%"
"02-08-2026","3,089.00","2,936.00","3,089.00","2,936.00","","13.07%"
"26-07-2026","2,732.00","2,732.00","2,732.00","2,732.00","","-0.40%"
"19-07-2026","2,743.00","2,743.00","2,743.00","2,743.00","","-0.33%"
"12-07-2026","2,752.00","2,752.00","2,752.00","2,752.00","","-6.52%"
"05-07-2026","2,944.00","2,944.00","2,944.00","2,944.00","","8.35%"
"28-06-2026","2,717.00","2,717.00","2,717.00","2,717.00","","7.65%"
"21-06-2026","2,524.00","2,524.00","2,524.00","2,524.00","","-7.27%"
"14-06-2026","2,722.00","2,722.00","2,722.00","2,722.00","","-3.41%"
"07-06-2026","2,818.00","2,818.00","2,818.00","2,818.00","","-5.47%"
"31-05-2026","2,981.00","2,981.00","2,981.00","2,981.00","","-7.54%"
"24-05-2026","3,224.00","3,226.00","3,226.00","3,224.00","","7.79%"
"17-05-2026","2,991.00","2,991.00","2,991.00","2,991.00","","-5.08%"
"10-05-2026","3,151.00","3,151.00","3,151.00","3,151.00","","5.81%"
"03-05-2026","2,978.00","2,978.00","2,978.00","2,978.00","","9.08%"
"26-04-2026","2,730.00","2,730.00","2,730.00","2,730.00","","2.44%"
"19-04-2026","2,665.00","2,665.00","2,665.00","2,665.00","","3.82%"
"12-04-2026","2,567.00","2,567.00","2,567.00","2,567.00","","16.63%"
"05-04-2026","2,201.00","2,201.00","2,201.00","2,201.00","","6.53%"
"29-03-2026","2,066.00","2,066.00","2,066.00","2,066.00","","1.72%"
"22-03-2026","2,031.00","2,014.00","2,031.00","2,014.00","","-1.22%"
"15-03-2026","2,056.00","2,057.00","2,057.00","2,056.00","","1.38%"
"08-03-2026","2,028.00","2,028.00","2,028.00","2,028.00","","0.90%"
"01-03-2026","2,010.00","2,010.00","2,010.00","2,010.00","","-6.07%"
"22-02-2026","2,140.00","2,140.00","2,140.00","2,140.00","","4.75%"
"15-02-2026","2,043.00","2,095.00","2,095.00","2,019.00","","-1.92%"
"08-02-2026","2,083.00","2,083.00","2,083.00","2,083.00","","8.32%"
"01-02-2026","1,923.00","1,923.00","1,923.00","1,923.00","","-10.47%"
"25-01-2026","2,148.00","2,148.00","2,148.00","2,148.00","","21.91%"
"18-01-2026","1,762.00","1,762.00","1,762.00","1,762.00","","12.44%"
"11-01-2026","1,567.00","1,567.00","1,567.00","1,567.00","","-7.17%"
"04-01-2026","1,688.00","1,688.00","1,688.00","1,688.00","","-10.31%"
"28-12-2025","1,882.00","1,882.00","1,882.00","1,882.00","","0.27%"
"21-12-2025","1,877.00","1,979.00","1,979.00","1,877.00","","-7.22%"
"14-12-2025","2,023.00","2,071.00","2,071.00","2,023.00","","-8.25%"
"07-12-2025","2,205.00","2,205.00","2,205.00","2,205.00","","-19.14%"
"30-11-2025","2,727.00","2,727.00","2,727.00","2,727.00","","6.52%"
"23-11-2025","2,560.00","2,560.00","2,560.00","2,560.00","","12.53%"
"16-11-2025","2,275.00","2,275.00","2,275.00","2,275.00","","7.06%"
"09-11-2025","2,125.00","2,077.00","2,125.00","2,077.00","","1.00%"
"02-11-2025","2,104.00","2,104.00","2,104.00","2,104.00","","7.02%"
"26-10-2025","1,966.00","1,966.00","1,966.00","1,966.00","","-1.26%"
"19-10-2025","1,991.00","1,991.00","1,991.00","1,991.00","","-3.77%"
"12-10-2025","2,069.00","2,046.00","2,069.00","2,046.00","","6.87%"
"05-10-2025","1,936.00","1,936.00","1,936.00","1,936.00","","1.84%"
"28-09-2025","1,901.00","1,901.00","1,901.00","1,901.00","","-15.85%"
"21-09-2025","2,259.00","2,259.00","2,259.00","2,259.00","","2.54%"
"14-09-2025","2,203.00","2,203.00","2,203.00","2,203.00","","3.62%"
"07-09-2025","2,126.00","2,126.00","2,126.00","2,126.00","","7.43%"
"31-08-2025","1,979.00","1,963.00","1,979.00","1,963.00","","-2.27%"
"24-08-2025","2,025.00","2,025.00","2,025.00","2,025.00","","4.17%"
"17-08-2025","1,944.00","1,893.00","1,944.00","1,893.00","","-4.89%"
"10-08-2025","2,044.00","2,039.00","2,044.00","2,039.00","","-0.34%"
"03-08-2025","2,051.00","2,051.00","2,051.00","2,051.00","","1.64%"
"27-07-2025","2,018.00","2,018.00","2,018.00","2,018.00","","-10.59%"
"20-07-2025","2,257.00","2,257.00","2,257.00","2,257.00","","9.99%"
"13-07-2025","2,052.00","2,052.00","2,052.00","2,052.00","","23.39%"
"06-07-2025","1,663.00","1,663.00","1,663.00","1,663.00","","15.81%"
"29-06-2025","1,436.00","1,436.00","1,436.00","1,436.00","","-5.59%"
"22-06-2025","1,521.00","1,674.00","1,681.00","1,521.00","","-9.95%"
"15-06-2025","1,689.00","1,975.00","1,975.00","1,689.00","","-14.18%"
"08-06-2025","1,968.00","1,691.00","1,968.00","1,680.00","","20.51%"
"01-06-2025","1,633.00","1,422.00","1,633.00","1,422.00","","15.16%"
"25-05-2025","1,418.00","1,296.00","1,418.00","1,296.00","","5.82%"
"18-05-2025","1,340.00","1,347.00","1,347.00","1,337.00","","-3.46%"
"11-05-2025","1,388.00","1,304.00","1,388.00","1,267.00","","6.85%"
"04-05-2025","1,299.00","1,406.00","1,406.00","1,299.00","","-8.59%"
"27-04-2025","1,421.00","1,403.00","1,421.00","1,386.00","","3.50%"
"20-04-2025","1,373.00","1,261.00","1,373.00","1,261.00","","8.88%"
"13-04-2025","1,261.00","1,282.00","1,282.00","1,241.00","","-1.02%"
"06-04-2025","1,274.00","1,401.00","1,401.00","1,259.00","","-14.44%"
"30-03-2025","1,489.00","1,598.00","1,598.00","1,489.00","","-7.05%"
"23-03-2025","1,602.00","1,652.00","1,652.00","1,602.00","","-2.50%"
"16-03-2025","1,643.00","1,658.00","1,658.00","1,635.00","","-1.56%"
"09-03-2025","1,669.00","1,424.00","1,669.00","1,424.00","","19.21%"
"02-03-2025","1,400.00","1,276.00","1,400.00","1,228.00","","13.91%"
"23-02-2025","1,229.00","1,002.00","1,229.00","1,002.00","","25.28%"
"16-02-2025","981.00","806.00","981.00","806.00","","23.86%"
"09-02-2025","792.00","809.00","809.00","776.00","","-2.82%"
"02-02-2025","815.00","738.00","815.00","738.00","","10.88%"
"26-01-2025","735.00","746.00","746.00","715.00","","-5.53%"
"19-01-2025","778.00","957.00","957.00","957.00","","-21.18%"
"12-01-2025","987.00","1,093.00","1,093.00","1,093.00","","-5.82%"
"05-01-2025","1,048.00","1,043.00","1,043.00","1,043.00","","-2.24%"
"29-12-2024","1,072.00","1,029.00","1,029.00","1,029.00","","7.52%"
"22-12-2024","997.00","994.00","994.00","994.00","","0.71%"
"15-12-2024","990.00","1,071.00","1,071.00","1,071.00","","-5.80%"
"08-12-2024","1,051.00","1,168.00","1,168.00","1,168.00","","-9.94%"
"01-12-2024","1,167.00","1,298.00","1,298.00","1,298.00","","-13.81%"
"24-11-2024","1,354.00","1,529.00","1,529.00","1,529.00","","-11.91%"
"17-11-2024","1,537.00","1,756.00","1,756.00","1,756.00","","-13.89%"
"10-11-2024","1,785.00","1,558.00","1,785.00","1,558.00","","19.40%"
"03-11-2024","1,495.00","1,374.00","1,495.00","1,374.00","","8.49%"
"27-10-2024","1,378.00","1,382.00","1,402.00","1,378.00","","-2.27%"
"20-10-2024","1,410.00","1,546.00","1,546.00","1,410.00","","-10.53%"
"13-10-2024","1,576.00","1,814.00","1,814.00","1,576.00","","-12.88%"
"06-10-2024","1,809.00","1,907.00","1,907.00","1,790.00","","-6.17%"
"29-09-2024","1,928.00","2,084.00","2,084.00","1,928.00","","-8.63%"
"22-09-2024","2,110.00","1,999.00","2,110.00","1,999.00","","6.73%"
"15-09-2024","1,977.00","1,896.00","1,977.00","1,890.00","","4.60%"
"08-09-2024","1,890.00","1,958.00","1,963.00","1,890.00","","-2.63%"
"01-09-2024","1,941.00","1,919.00","1,947.00","1,902.00","","7.00%"
"25-08-2024","1,814.00","1,721.00","1,827.00","1,721.00","","2.95%"
"18-08-2024","1,762.00","1,708.00","1,768.00","1,708.00","","4.20%"
"11-08-2024","1,691.00","1,655.00","1,728.00","1,655.00","","1.26%"
"04-08-2024","1,670.00","1,677.00","1,698.00","1,670.00","","-0.30%"
"28-07-2024","1,675.00","1,797.00","1,797.00","1,668.00","","-7.36%"
"21-07-2024","1,808.00","1,896.00","1,896.00","1,808.00","","-4.94%"
"14-07-2024","1,902.00","1,993.00","1,993.00","1,890.00","","-4.76%"
"07-07-2024","1,997.00","1,940.00","1,997.00","1,894.00","","1.58%"
"30-06-2024","1,966.00","2,158.00","2,179.00","1,966.00","","-4.10%"
"23-06-2024","2,050.00","1,973.00","2,050.00","1,926.00","","2.65%"
"16-06-2024","1,997.00","1,948.00","1,948.00","1,948.00","","2.52%"
"09-06-2024","1,948.00","1,883.00","1,883.00","1,883.00","","3.56%"
"02-06-2024","1,881.00","1,808.00","1,808.00","1,808.00","","3.64%"
"26-05-2024","1,815.00","1,784.00","1,784.00","1,784.00","","1.00%"
"19-05-2024","1,797.00","1,847.00","1,847.00","1,847.00","","-2.55%"
"12-05-2024","1,844.00","1,889.00","1,889.00","1,889.00","","-13.39%"
"05-05-2024","2,129.00","2,203.00","2,203.00","2,203.00","","13.49%"
"28-04-2024","1,876.00","1,684.00","1,684.00","1,684.00","","9.01%"
"21-04-2024","1,721.00","1,882.00","1,882.00","1,882.00","","-10.32%"
"14-04-2024","1,919.00","1,730.00","1,730.00","1,730.00","","10.99%"
"07-04-2024","1,729.00","1,594.00","1,594.00","1,594.00","","6.20%"
"31-03-2024","1,628.00","1,714.00","1,714.00","1,714.00","","-10.60%"
"24-03-2024","1,821.00","2,123.00","2,123.00","2,123.00","","-17.08%"
"17-03-2024","2,196.00","2,419.00","2,419.00","2,419.00","","-7.50%"
"10-03-2024","2,374.00","2,377.00","2,377.00","2,377.00","","1.24%"
"03-03-2024","2,345.00","2,297.00","2,297.00","2,297.00","","6.45%"
"25-02-2024","2,203.00","1,871.00","1,871.00","1,871.00","","18.06%"
"18-02-2024","1,866.00","1,629.00","1,629.00","1,629.00","","15.90%"
"11-02-2024","1,610.00","1,572.00","1,572.00","1,572.00","","4.21%"
"04-02-2024","1,545.00","1,436.00","1,436.00","1,436.00","","9.81%"
"28-01-2024","1,407.00","1,460.00","1,460.00","1,460.00","","-7.31%"
"21-01-2024","1,518.00","1,518.00","1,518.00","1,518.00","","1.00%"
"14-01-2024","1,503.00","1,360.00","1,360.00","1,360.00","","2.95%"
"07-01-2024","1,460.00","2,022.00","2,022.00","2,022.00","","-30.81%"
"31-12-2023","2,110.00","2,093.00","2,093.00","2,093.00","","0.76%"
"17-12-2023","2,094.00","2,288.00","2,288.00","2,288.00","","-10.82%"
"10-12-2023","2,348.00","2,509.00","2,509.00","2,509.00","","-5.44%"
"03-12-2023","2,483.00","3,346.00","3,346.00","3,346.00","","-22.21%"
"26-11-2023","3,192.00","2,391.00","2,391.00","2,391.00","","51.86%"
"19-11-2023","2,102.00","1,817.00","1,817.00","1,817.00","","15.49%"
"12-11-2023","1,820.00","1,655.00","1,655.00","1,655.00","","10.77%"
"05-11-2023","1,643.00","1,523.00","1,523.00","1,523.00","","12.38%"
"29-10-2023","1,462.00","1,502.00","1,502.00","1,502.00","","-6.46%"
"22-10-2023","1,563.00","1,949.00","1,949.00","1,949.00","","-23.61%"
"15-10-2023","2,046.00","1,972.00","1,972.00","1,972.00","","5.19%"
"08-10-2023","1,945.00","1,991.00","1,991.00","1,991.00","","0.83%"
"01-10-2023","1,929.00","1,737.00","1,737.00","1,737.00","","13.40%"
"24-09-2023","1,701.00","1,614.00","1,614.00","1,614.00","","6.78%"
"17-09-2023","1,593.00","1,439.00","1,439.00","1,439.00","","15.35%"
"10-09-2023","1,381.00","1,209.00","1,209.00","1,209.00","","16.44%"
"03-09-2023","1,186.00","1,083.00","1,083.00","1,083.00","","11.36%"
"27-08-2023","1,065.00","1,107.00","1,107.00","1,107.00","","-1.39%"
"20-08-2023","1,080.00","1,223.00","1,223.00","1,223.00","","-12.69%"
"13-08-2023","1,237.00","1,135.00","1,135.00","1,135.00","","9.57%"
"06-08-2023","1,129.00","1,145.00","1,145.00","1,145.00","","-0.62%"
"30-07-2023","1,136.00","1,127.00","1,127.00","1,127.00","","2.34%"
"23-07-2023","1,110.00","967.00","967.00","967.00","","13.50%"
"16-07-2023","978.00","1,073.00","1,073.00","1,073.00","","-10.28%"
"09-07-2023","1,090.00","1,024.00","1,024.00","1,024.00","","8.03%"
"02-07-2023","1,009.00","1,068.00","1,068.00","1,068.00","","-7.52%"
"25-06-2023","1,091.00","1,233.00","1,233.00","1,233.00","","-12.02%"
"18-06-2023","1,240.00","1,065.00","1,065.00","1,065.00","","15.24%"
"11-06-2023","1,076.00","1,056.00","1,056.00","1,056.00","","1.99%"
"04-06-2023","1,055.00","939.00","939.00","939.00","","14.80%"
"28-05-2023","919.00","1,123.00","1,123.00","1,123.00","","-21.59%"
"21-05-2023","1,172.00","1,365.00","1,365.00","1,365.00","","-15.32%"
"14-05-2023","1,384.00","1,522.00","1,522.00","1,522.00","","-11.17%"
"07-05-2023","1,558.00","1,598.00","1,598.00","1,598.00","","0.00%"
"30-04-2023","1,558.00","1,552.00","1,552.00","1,552.00","","-1.14%"
"23-04-2023","1,576.00","1,517.00","1,517.00","1,517.00","","4.79%"
"16-04-2023","1,504.00","1,412.00","1,412.00","1,412.00","","4.81%"
"09-04-2023","1,435.00","1,463.00","1,463.00","1,463.00","","-8.01%"
"02-04-2023","1,560.00","1,412.00","1,412.00","1,412.00","","12.31%"
"26-03-2023","1,389.00","1,456.00","1,456.00","1,456.00","","-6.72%"
"19-03-2023","1,489.00","1,542.00","1,542.00","1,542.00","","-3.00%"
"12-03-2023","1,535.00","1,465.00","1,465.00","1,465.00","","7.79%"
"05-03-2023","1,424.00","1,327.00","1,327.00","1,327.00","","17.59%"
"26-02-2023","1,211.00","990.00","990.00","990.00","","37.15%"
"19-02-2023","883.00","552.00","552.00","552.00","","64.13%"
"12-02-2023","538.00","616.00","616.00","616.00","","-10.63%"
"05-02-2023","602.00","608.00","608.00","608.00","","-3.06%"
"29-01-2023","621.00","680.00","680.00","680.00","","-8.14%"
"22-01-2023","676.00","740.00","740.00","740.00","","-11.40%"
"15-01-2023","763.00","946.00","946.00","946.00","","-19.34%"
"08-01-2023","946.00","1,139.00","1,139.00","1,139.00","","-16.28%"
"01-01-2023","1,130.00","1,250.00","1,250.00","1,250.00","","-25.41%"
"18-12-2022","1,515.00","1,548.00","1,548.00","1,548.00","","-2.88%"
"11-12-2022","1,560.00","1,361.00","1,361.00","1,361.00","","12.55%"
"04-12-2022","1,386.00","1,323.00","1,323.00","1,323.00","","4.68%"
"27-11-2022","1,324.00","1,347.00","1,347.00","1,347.00","","0.00%"
"20-11-2022","1,324.00","1,177.00","1,177.00","1,177.00","","11.35%"
"13-11-2022","1,189.00","1,325.00","1,325.00","1,325.00","","-12.25%"
"06-11-2022","1,355.00","1,337.00","1,337.00","1,337.00","","2.42%"
"30-10-2022","1,323.00","1,377.00","1,377.00","1,377.00","","-13.75%"
"23-10-2022","1,534.00","1,797.00","1,797.00","1,797.00","","-15.67%"
"16-10-2022","1,819.00","1,843.00","1,843.00","1,843.00","","-1.03%"
"09-10-2022","1,838.00","1,944.00","1,944.00","1,944.00","","-6.27%"
"02-10-2022","1,961.00","1,788.00","1,788.00","1,788.00","","11.42%"
"25-09-2022","1,760.00","1,813.00","1,813.00","1,813.00","","-3.08%"
"18-09-2022","1,816.00","1,729.00","1,729.00","1,729.00","","16.93%"
"11-09-2022","1,553.00","1,256.00","1,256.00","1,256.00","","28.03%"
"04-09-2022","1,213.00","1,133.00","1,133.00","1,133.00","","11.69%"
"28-08-2022","1,086.00","1,017.00","1,086.00","965.00","","0.37%"
"21-08-2022","1,082.00","1,270.00","1,271.00","1,082.00","","-15.40%"
"14-08-2022","1,279.00","1,404.00","1,404.00","1,279.00","","-13.41%"
"07-08-2022","1,477.00","1,566.00","1,592.00","1,477.00","","-5.32%"
"31-07-2022","1,560.00","1,872.00","1,872.00","1,560.00","","-17.68%"
"24-07-2022","1,895.00","2,114.00","2,114.00","1,895.00","","-11.70%"
"17-07-2022","2,146.00","2,162.00","2,162.00","2,113.00","","-0.19%"
"10-07-2022","2,150.00","2,081.00","2,150.00","2,002.00","","4.02%"
"03-07-2022","2,067.00","2,159.00","2,159.00","2,043.00","","-6.64%"
"26-06-2022","2,214.00","2,295.00","2,295.00","2,186.00","","-5.02%"
"19-06-2022","2,331.00","2,596.00","2,596.00","2,331.00","","-9.58%"
"12-06-2022","2,578.00","2,260.00","2,578.00","2,260.00","","11.12%"
"05-06-2022","2,320.00","2,560.00","2,560.00","2,320.00","","-11.89%"
"29-05-2022","2,633.00","2,571.00","2,633.00","2,566.00","","-1.79%"
"22-05-2022","2,681.00","3,369.00","3,369.00","2,681.00","","-19.83%"
"15-05-2022","3,344.00","3,085.00","3,344.00","3,085.00","","7.73%"
"08-05-2022","3,104.00","2,831.00","3,117.00","2,831.00","","14.20%"
"01-05-2022","2,718.00","2,412.00","2,718.00","2,412.00","","13.06%"
"24-04-2022","2,404.00","2,356.00","2,425.00","2,356.00","","4.20%"
"17-04-2022","2,307.00","2,115.00","2,307.00","2,115.00","","7.96%"
"10-04-2022","2,137.00","2,031.00","2,137.00","2,031.00","","3.99%"
"03-04-2022","2,055.00","2,307.00","2,307.00","2,055.00","","-12.81%"
"27-03-2022","2,357.00","2,484.00","2,484.00","2,357.00","","-7.35%"
"20-03-2022","2,544.00","2,589.00","2,589.00","2,544.00","","-2.34%"
"13-03-2022","2,605.00","2,727.00","2,727.00","2,588.00","","-4.16%"
"06-03-2022","2,718.00","2,235.00","2,718.00","2,235.00","","26.54%"
"27-02-2022","2,148.00","2,040.00","2,148.00","2,040.00","","3.47%"
"20-02-2022","2,076.00","2,045.00","2,244.00","2,045.00","","5.70%"
"13-02-2022","1,964.00","1,984.00","1,984.00","1,886.00","","-0.66%"
"06-02-2022","1,977.00","1,422.00","1,977.00","1,422.00","","38.93%"
"30-01-2022","1,423.00","1,418.00","1,440.00","1,418.00","","3.04%"
"23-01-2022","1,381.00","1,391.00","1,391.00","1,296.00","","-2.40%"
"16-01-2022","1,415.00","1,731.00","1,731.00","1,415.00","","-19.78%"
"09-01-2022","1,764.00","2,277.00","2,277.00","1,764.00","","-22.94%"
"02-01-2022","2,289.00","2,285.00","2,296.00","2,285.00","","3.25%"
"19-12-2021","2,217.00","2,371.00","2,371.00","2,217.00","","-6.81%"
"12-12-2021","2,379.00","3,216.00","3,216.00","2,379.00","","-27.29%"
"05-12-2021","3,272.00","3,235.00","3,423.00","3,235.00","","3.19%"
"28-11-2021","3,171.00","2,881.00","3,171.00","2,881.00","","14.60%"
"21-11-2021","2,767.00","2,645.00","2,767.00","2,645.00","","8.42%"
"14-11-2021","2,552.00","2,759.00","2,759.00","2,430.00","","-9.08%"
"07-11-2021","2,807.00","2,718.00","2,861.00","2,718.00","","3.39%"
"31-10-2021","2,715.00","3,428.00","3,428.00","2,715.00","","-22.85%"
"24-10-2021","3,519.00","4,257.00","4,257.00","3,519.00","","-20.20%"
"17-10-2021","4,410.00","4,732.00","4,751.00","4,410.00","","-9.15%"
"10-10-2021","4,854.00","5,488.00","5,488.00","4,854.00","","-12.16%"
"03-10-2021","5,526.00","5,267.00","5,650.00","5,267.00","","6.23%"
"26-09-2021","5,202.00","4,717.00","5,202.00","4,717.00","","12.02%"
"19-09-2021","4,644.00","4,304.00","4,651.00","4,304.00","","8.63%"
"12-09-2021","4,275.00","4,163.00","4,275.00","4,163.00","","10.64%"
"05-09-2021","3,864.00","3,822.00","3,864.00","3,618.00","","-2.03%"
"29-08-2021","3,944.00","4,132.00","4,132.00","3,944.00","","-6.87%"
"22-08-2021","4,235.00","4,147.00","4,235.00","4,147.00","","3.49%"
"15-08-2021","4,092.00","3,606.00","4,092.00","3,606.00","","14.75%"
"08-08-2021","3,566.00","3,371.00","3,566.00","3,371.00","","5.78%"
"01-08-2021","3,371.00","3,282.00","3,376.00","3,281.00","","2.40%"
"25-07-2021","3,292.00","3,210.00","3,292.00","3,154.00","","2.91%"
"18-07-2021","3,199.00","3,059.00","3,199.00","3,053.00","","5.26%"
"11-07-2021","3,039.00","3,300.00","3,300.00","3,039.00","","-7.91%"
"04-07-2021","3,300.00","3,224.00","3,300.00","3,179.00","","0.46%"
"27-06-2021","3,285.00","3,324.00","3,418.00","3,285.00","","0.92%"
"20-06-2021","3,255.00","3,190.00","3,255.00","3,119.00","","1.15%"
"13-06-2021","3,218.00","2,944.00","3,267.00","2,944.00","","12.64%"
"06-06-2021","2,857.00","2,428.00","2,857.00","2,420.00","","17.19%"
"30-05-2021","2,438.00","2,568.00","2,568.00","2,438.00","","-6.09%"
"23-05-2021","2,596.00","2,881.00","2,881.00","2,596.00","","-9.52%"
"16-05-2021","2,869.00","2,856.00","2,869.00","2,795.00","","-2.38%"
"09-05-2021","2,939.00","3,240.00","3,254.00","2,939.00","","-7.67%"
"02-05-2021","3,183.00","3,157.00","3,266.00","3,157.00","","4.26%"
"25-04-2021","3,053.00","2,808.00","3,053.00","2,808.00","","9.51%"
"18-04-2021","2,788.00","2,432.00","2,788.00","2,432.00","","16.90%"
"11-04-2021","2,385.00","2,145.00","2,385.00","2,140.00","","14.39%"
"04-04-2021","2,085.00","2,092.00","2,127.00","2,085.00","","0.63%"
"28-03-2021","2,072.00","2,162.00","2,162.00","2,046.00","","-4.87%"
"21-03-2021","2,178.00","2,319.00","2,319.00","2,172.00","","-4.52%"
"14-03-2021","2,281.00","1,983.00","2,281.00","1,983.00","","16.38%"
"07-03-2021","1,960.00","1,853.00","1,980.00","1,853.00","","7.16%"
"28-02-2021","1,829.00","1,651.00","1,829.00","1,651.00","","9.19%"
"21-02-2021","1,675.00","1,709.00","1,727.00","1,675.00","","-1.35%"
"14-02-2021","1,698.00","1,364.00","1,770.00","1,364.00","","26.81%"
"07-02-2021","1,339.00","1,317.00","1,339.00","1,303.00","","0.45%"
"31-01-2021","1,333.00","1,444.00","1,444.00","1,327.00","","-8.20%"
"24-01-2021","1,452.00","1,765.00","1,765.00","1,452.00","","-19.78%"
"17-01-2021","1,810.00","1,740.00","1,837.00","1,740.00","","3.19%"
"10-01-2021","1,754.00","1,761.00","1,856.00","1,754.00","","9.22%"
"03-01-2021","1,606.00","1,374.00","1,606.00","1,374.00","","17.57%"
"20-12-2020","1,366.00","1,323.00","1,366.00","1,323.00","","3.09%"
"13-12-2020","1,325.00","1,235.00","1,325.00","1,235.00","","9.41%"
"06-12-2020","1,211.00","1,162.00","1,211.00","1,121.00","","1.17%"
"29-11-2020","1,197.00","1,227.00","1,227.00","1,189.00","","-2.68%"
"22-11-2020","1,230.00","1,169.00","1,230.00","1,169.00","","7.14%"
"15-11-2020","1,148.00","1,111.00","1,148.00","1,111.00","","2.96%"
"08-11-2020","1,115.00","1,207.00","1,207.00","1,124.00","","-6.77%"
"01-11-2020","1,196.00","1,284.00","1,284.00","1,194.00","","-6.78%"
"25-10-2020","1,283.00","1,402.00","1,413.00","1,283.00","","-9.33%"
"18-10-2020","1,415.00","1,409.00","1,415.00","1,346.00","","-4.20%"
"11-10-2020","1,477.00","1,807.00","1,807.00","1,477.00","","-21.93%"
"04-10-2020","1,892.00","2,071.00","2,097.00","1,892.00","","-6.34%"
"27-09-2020","2,020.00","1,654.00","2,020.00","1,654.00","","21.18%"
"20-09-2020","1,667.00","1,314.00","1,667.00","1,314.00","","28.63%"
"13-09-2020","1,296.00","1,282.00","1,296.00","1,281.00","","2.29%"
"06-09-2020","1,267.00","1,349.00","1,349.00","1,267.00","","-6.98%"
"30-08-2020","1,362.00","1,471.00","1,471.00","1,362.00","","-8.47%"
"23-08-2020","1,488.00","1,491.00","1,518.00","1,488.00","","0.47%"
"16-08-2020","1,481.00","1,598.00","1,598.00","1,481.00","","-7.15%"
"09-08-2020","1,595.00","1,506.00","1,595.00","1,506.00","","6.26%"
"02-08-2020","1,501.00","1,385.00","1,501.00","1,385.00","","11.19%"
"26-07-2020","1,350.00","1,293.00","1,350.00","1,264.00","","2.51%"
"19-07-2020","1,317.00","1,678.00","1,678.00","1,317.00","","-22.98%"
"12-07-2020","1,710.00","1,792.00","1,792.00","1,696.00","","-5.52%"
"05-07-2020","1,810.00","1,956.00","1,956.00","1,810.00","","-4.44%"
"28-06-2020","1,894.00","1,794.00","1,894.00","1,794.00","","8.29%"
"21-06-2020","1,749.00","1,558.00","1,749.00","1,558.00","","12.48%"
"14-06-2020","1,555.00","973.00","1,555.00","973.00","","68.47%"
"07-06-2020","923.00","698.00","923.00","698.00","","35.94%"
"31-05-2020","679.00","520.00","679.00","520.00","","34.72%"
"24-05-2020","504.00","506.00","506.00","489.00","","1.20%"
"17-05-2020","498.00","427.00","498.00","427.00","","22.36%"
"10-05-2020","407.00","474.00","474.00","393.00","","-20.82%"
"03-05-2020","514.00","598.00","598.00","514.00","","-16.69%"
"26-04-2020","617.00","661.00","661.00","617.00","","-7.22%"
"19-04-2020","665.00","757.00","757.00","665.00","","-11.45%"
"12-04-2020","751.00","679.00","751.00","679.00","","18.27%"
"05-04-2020","635.00","604.00","635.00","596.00","","3.08%"
"29-03-2020","616.00","548.00","626.00","548.00","","10.79%"
"22-03-2020","556.00","617.00","617.00","556.00","","-11.04%"
"15-03-2020","625.00","623.00","630.00","612.00","","-0.95%"
"08-03-2020","631.00","616.00","633.00","616.00","","2.27%"
"01-03-2020","617.00","539.00","617.00","539.00","","15.33%"
"23-02-2020","535.00","506.00","535.00","506.00","","7.65%"
"16-02-2020","497.00","434.00","497.00","434.00","","16.94%"
"09-02-2020","425.00","411.00","425.00","411.00","","2.41%"
"02-02-2020","415.00","466.00","466.00","415.00","","-14.78%"
"26-01-2020","487.00","546.00","546.00","487.00","","-12.57%"
"19-01-2020","557.00","729.00","729.00","557.00","","-26.13%"
"12-01-2020","754.00","765.00","768.00","754.00","","-2.58%"
"05-01-2020","774.00","844.00","844.00","772.00","","-14.66%"
"29-12-2019","907.00","976.00","976.00","907.00","","-16.79%"
"22-12-2019","1,090.00","1,103.00","1,103.00","1,090.00","","-2.94%"
"15-12-2019","1,123.00","1,315.00","1,315.00","1,123.00","","-17.12%"
"08-12-2019","1,355.00","1,551.00","1,551.00","1,355.00","","-13.03%"
"01-12-2019","1,558.00","1,568.00","1,606.00","1,558.00","","1.96%"
"24-11-2019","1,528.00","1,351.00","1,528.00","1,351.00","","19.00%"
"17-11-2019","1,284.00","1,338.00","1,338.00","1,255.00","","-5.38%"
"10-11-2019","1,357.00","1,345.00","1,365.00","1,345.00","","-1.52%"
"03-11-2019","1,378.00","1,675.00","1,675.00","1,378.00","","-18.80%"
"27-10-2019","1,697.00","1,803.00","1,803.00","1,697.00","","-5.77%"
"20-10-2019","1,801.00","1,846.00","1,846.00","1,779.00","","-2.91%"
"13-10-2019","1,855.00","1,916.00","1,916.00","1,855.00","","-3.59%"
"06-10-2019","1,924.00","1,770.00","1,929.00","1,770.00","","8.89%"
"29-09-2019","1,767.00","1,823.00","1,823.00","1,757.00","","-4.85%"
"22-09-2019","1,857.00","2,108.00","2,116.00","1,857.00","","-12.86%"
"15-09-2019","2,131.00","2,311.00","2,311.00","2,131.00","","-7.83%"
"08-09-2019","2,312.00","2,422.00","2,422.00","2,312.00","","-6.09%"
"01-09-2019","2,462.00","2,442.00","2,518.00","2,442.00","","3.53%"
"25-08-2019","2,378.00","2,213.00","2,378.00","2,213.00","","9.69%"
"18-08-2019","2,168.00","2,067.00","2,168.00","2,059.00","","3.83%"
"11-08-2019","2,088.00","1,774.00","2,088.00","1,774.00","","19.45%"
"04-08-2019","1,748.00","1,774.00","1,774.00","1,712.00","","-2.24%"
"28-07-2019","1,788.00","1,922.00","1,922.00","1,788.00","","-7.69%"
"21-07-2019","1,937.00","2,191.00","2,191.00","1,937.00","","-10.74%"
"14-07-2019","2,170.00","1,928.00","2,170.00","1,928.00","","16.35%"
"07-07-2019","1,865.00","1,725.00","1,865.00","1,725.00","","7.18%"
"30-06-2019","1,740.00","1,381.00","1,740.00","1,381.00","","28.51%"
"23-06-2019","1,354.00","1,258.00","1,354.00","1,258.00","","9.28%"
"16-06-2019","1,239.00","1,093.00","1,239.00","1,093.00","","14.19%"
"09-06-2019","1,085.00","1,125.00","1,125.00","1,062.00","","-4.66%"
"02-06-2019","1,138.00","1,103.00","1,141.00","1,103.00","","3.83%"
"26-05-2019","1,096.00","1,082.00","1,107.00","1,082.00","","2.81%"
"19-05-2019","1,066.00","1,041.00","1,068.00","1,041.00","","2.50%"
"12-05-2019","1,040.00","1,026.00","1,043.00","1,026.00","","2.67%"
"05-05-2019","1,013.00","936.00","1,013.00","936.00","","2.84%"
"28-04-2019","985.00","913.00","1,032.00","913.00","","10.80%"
"21-04-2019","889.00","821.00","889.00","821.00","","12.53%"
"14-04-2019","790.00","738.00","790.00","738.00","","8.82%"
"07-04-2019","726.00","714.00","734.00","714.00","","2.11%"
"31-03-2019","711.00","685.00","711.00","672.00","","3.19%"
"24-03-2019","689.00","689.00","692.00","683.00","","-0.14%"
"17-03-2019","690.00","721.00","721.00","690.00","","-5.48%"
"10-03-2019","730.00","645.00","730.00","645.00","","12.48%"
"03-03-2019","649.00","669.00","669.00","649.00","","-2.26%"
"24-02-2019","664.00","637.00","664.00","637.00","","4.73%"
"17-02-2019","634.00","643.00","643.00","622.00","","-0.78%"
"10-02-2019","639.00","595.00","639.00","595.00","","6.32%"
"03-02-2019","601.00","634.00","634.00","601.00","","-6.82%"
"27-01-2019","645.00","852.00","852.00","645.00","","-28.73%"
"20-01-2019","905.00","1,092.00","1,092.00","905.00","","-18.62%"
"13-01-2019","1,112.00","1,147.00","1,147.00","1,055.00","","-4.88%"
"06-01-2019","1,169.00","1,247.00","1,262.00","1,169.00","","-7.22%"
"30-12-2018","1,260.00","1,282.00","1,282.00","1,260.00","","-0.87%"
"23-12-2018","1,271.00","1,271.00","1,271.00","1,271.00","","-0.63%"
"16-12-2018","1,279.00","1,406.00","1,406.00","1,279.00","","-8.71%"
"09-12-2018","1,401.00","1,385.00","1,401.00","1,353.00","","2.11%"
"02-12-2018","1,372.00","1,203.00","1,372.00","1,203.00","","11.45%"
"25-11-2018","1,231.00","1,217.00","1,339.00","1,217.00","","12.63%"
"18-11-2018","1,093.00","1,023.00","1,093.00","1,003.00","","6.01%"
"11-11-2018","1,031.00","1,125.00","1,125.00","1,009.00","","-10.11%"
"04-11-2018","1,147.00","1,428.00","1,428.00","1,147.00","","-21.28%"
"28-10-2018","1,457.00","1,522.00","1,522.00","1,457.00","","-4.08%"
"21-10-2018","1,519.00","1,579.00","1,579.00","1,516.00","","-3.62%"
"14-10-2018","1,576.00","1,584.00","1,584.00","1,554.00","","-0.19%"
"07-10-2018","1,579.00","1,530.00","1,579.00","1,493.00","","2.80%"
"30-09-2018","1,536.00","1,555.00","1,574.00","1,536.00","","-0.26%"
"23-09-2018","1,540.00","1,434.00","1,540.00","1,434.00","","8.99%"
"16-09-2018","1,413.00","1,357.00","1,413.00","1,356.00","","3.44%"
"09-09-2018","1,366.00","1,482.00","1,482.00","1,366.00","","-8.32%"
"02-09-2018","1,490.00","1,557.00","1,557.00","1,477.00","","-5.64%"
"26-08-2018","1,579.00","1,684.00","1,684.00","1,579.00","","-6.95%"
"19-08-2018","1,697.00","1,727.00","1,736.00","1,697.00","","-1.51%"
"12-08-2018","1,723.00","1,709.00","1,727.00","1,709.00","","1.89%"
"05-08-2018","1,691.00","1,773.00","1,773.00","1,691.00","","-4.62%"
"29-07-2018","1,773.00","1,703.00","1,773.00","1,703.00","","5.79%"
"22-07-2018","1,676.00","1,718.00","1,774.00","1,676.00","","-0.77%"
"15-07-2018","1,689.00","1,695.00","1,721.00","1,657.00","","1.38%"
"08-07-2018","1,666.00","1,609.00","1,666.00","1,555.00","","2.71%"
"01-07-2018","1,622.00","1,422.00","1,622.00","1,422.00","","17.11%"
"24-06-2018","1,385.00","1,333.00","1,385.00","1,309.00","","3.28%"
"17-06-2018","1,341.00","1,442.00","1,442.00","1,341.00","","-7.20%"
"10-06-2018","1,445.00","1,387.00","1,445.00","1,387.00","","3.88%"
"03-06-2018","1,391.00","1,193.00","1,395.00","1,193.00","","20.33%"
"27-05-2018","1,156.00","1,057.00","1,156.00","1,042.00","","7.34%"
"20-05-2018","1,077.00","1,239.00","1,239.00","1,077.00","","-15.40%"
"13-05-2018","1,273.00","1,476.00","1,476.00","1,273.00","","-13.52%"
"06-05-2018","1,472.00","1,432.00","1,472.00","1,432.00","","6.36%"
"29-04-2018","1,384.00","1,341.00","1,384.00","1,327.00","","1.69%"
"22-04-2018","1,361.00","1,306.00","1,376.00","1,306.00","","6.25%"
"15-04-2018","1,281.00","1,025.00","1,281.00","1,025.00","","26.33%"
"08-04-2018","1,014.00","952.00","1,014.00","952.00","","6.96%"
"01-04-2018","948.00","1,016.00","1,016.00","948.00","","-10.14%"
"25-03-2018","1,055.00","1,126.00","1,126.00","1,055.00","","-5.97%"
"18-03-2018","1,122.00","1,136.00","1,136.00","1,117.00","","-1.84%"
"11-03-2018","1,143.00","1,192.00","1,192.00","1,143.00","","-4.83%"
"04-03-2018","1,201.00","1,210.00","1,212.00","1,191.00","","-0.50%"
"25-02-2018","1,207.00","1,191.00","1,207.00","1,188.00","","1.86%"
"18-02-2018","1,185.00","1,087.00","1,185.00","1,087.00","","9.32%"
"11-02-2018","1,084.00","1,123.00","1,123.00","1,084.00","","-3.64%"
"04-02-2018","1,125.00","1,082.00","1,125.00","1,082.00","","2.74%"
"28-01-2018","1,095.00","1,214.00","1,214.00","1,095.00","","-10.17%"
"21-01-2018","1,219.00","1,129.00","1,219.00","1,129.00","","8.36%"
"14-01-2018","1,125.00","1,264.00","1,264.00","1,125.00","","-12.04%"
"07-01-2018","1,279.00","1,385.00","1,395.00","1,279.00","","-6.71%"
"31-12-2017","1,371.00","1,230.00","1,371.00","1,230.00","","0.37%"
"17-12-2017","1,366.00","1,588.00","1,588.00","1,366.00","","-15.63%"
"10-12-2017","1,619.00","1,727.00","1,743.00","1,619.00","","-4.88%"
"03-12-2017","1,702.00","1,662.00","1,702.00","1,662.00","","4.67%"
"26-11-2017","1,626.00","1,477.00","1,626.00","1,477.00","","11.52%"
"19-11-2017","1,458.00","1,385.00","1,458.00","1,385.00","","6.35%"
"12-11-2017","1,371.00","1,445.00","1,445.00","1,361.00","","-6.35%"
"05-11-2017","1,464.00","1,473.00","1,486.00","1,464.00","","-0.81%"
"29-10-2017","1,476.00","1,534.00","1,534.00","1,476.00","","-4.53%"
"22-10-2017","1,546.00","1,586.00","1,588.00","1,546.00","","-2.03%"
"15-10-2017","1,578.00","1,523.00","1,582.00","1,523.00","","6.26%"
"08-10-2017","1,485.00","1,411.00","1,485.00","1,411.00","","5.69%"
"01-10-2017","1,405.00","1,328.00","1,405.00","1,308.00","","3.61%"
"24-09-2017","1,356.00","1,503.00","1,503.00","1,356.00","","-9.72%"
"17-09-2017","1,502.00","1,398.00","1,502.00","1,398.00","","8.45%"
"10-09-2017","1,385.00","1,355.00","1,385.00","1,337.00","","3.98%"
"03-09-2017","1,332.00","1,187.00","1,332.00","1,187.00","","12.60%"
"27-08-2017","1,183.00","1,203.00","1,203.00","1,181.00","","-2.15%"
"20-08-2017","1,209.00","1,266.00","1,266.00","1,200.00","","-4.05%"
"13-08-2017","1,260.00","1,155.00","1,260.00","1,155.00","","10.72%"
"06-08-2017","1,138.00","1,036.00","1,138.00","1,036.00","","10.27%"
"30-07-2017","1,032.00","946.00","1,032.00","946.00","","10.61%"
"23-07-2017","933.00","977.00","980.00","933.00","","-4.50%"
"16-07-2017","977.00","912.00","977.00","912.00","","8.56%"
"09-07-2017","900.00","820.00","900.00","820.00","","9.49%"
"02-07-2017","822.00","882.00","882.00","822.00","","-8.77%"
"25-06-2017","901.00","884.00","929.00","884.00","","3.56%"
"18-06-2017","870.00","848.00","870.00","844.00","","2.23%"
"11-06-2017","851.00","870.00","870.00","851.00","","0.24%"
"04-06-2017","849.00","821.00","849.00","818.00","","2.29%"
"28-05-2017","830.00","900.00","900.00","830.00","","-8.99%"
"21-05-2017","912.00","954.00","954.00","912.00","","-4.60%"
"14-05-2017","956.00","994.00","994.00","956.00","","-5.72%"
"07-05-2017","1,014.00","1,001.00","1,014.00","1,001.00","","2.01%"
"30-04-2017","994.00","1,073.00","1,073.00","994.00","","-10.37%"
"23-04-2017","1,109.00","1,170.00","1,170.00","1,109.00","","-7.20%"
"16-04-2017","1,195.00","1,294.00","1,294.00","1,195.00","","-7.79%"
"09-04-2017","1,296.00","1,231.00","1,296.00","1,231.00","","5.97%"
"02-04-2017","1,223.00","1,282.00","1,282.00","1,215.00","","-5.71%"
"26-03-2017","1,297.00","1,282.00","1,338.00","1,282.00","","4.60%"
"19-03-2017","1,240.00","1,205.00","1,240.00","1,190.00","","3.68%"
"12-03-2017","1,196.00","1,099.00","1,196.00","1,099.00","","10.13%"
"05-03-2017","1,086.00","979.00","1,086.00","979.00","","15.65%"
"26-02-2017","939.00","878.00","939.00","859.00","","7.31%"
"19-02-2017","875.00","757.00","875.00","757.00","","18.08%"
"12-02-2017","741.00","688.00","741.00","685.00","","5.56%"
"05-02-2017","702.00","735.00","735.00","702.00","","-6.65%"
"29-01-2017","752.00","816.00","816.00","752.00","","-9.07%"
"22-01-2017","827.00","914.00","914.00","827.00","","-10.59%"
"15-01-2017","925.00","925.00","952.00","922.00","","1.65%"
"08-01-2017","910.00","949.00","949.00","892.00","","-5.50%"
"01-01-2017","963.00","953.00","983.00","953.00","","0.21%"
"18-12-2016","961.00","926.00","961.00","914.00","","1.59%"
"11-12-2016","946.00","1,069.00","1,069.00","946.00","","-13.21%"
"04-12-2016","1,090.00","1,196.00","1,196.00","1,090.00","","-9.02%"
"27-11-2016","1,198.00","1,184.00","1,204.00","1,184.00","","1.44%"
"20-11-2016","1,181.00","1,240.00","1,240.00","1,181.00","","-6.05%"
"13-11-2016","1,257.00","1,065.00","1,257.00","1,065.00","","20.29%"
"06-11-2016","1,045.00","870.00","1,045.00","870.00","","22.22%"
"30-10-2016","855.00","857.00","857.00","834.00","","2.52%"
"23-10-2016","834.00","831.00","834.00","798.00","","-0.95%"
"16-10-2016","842.00","894.00","894.00","842.00","","-5.61%"
"09-10-2016","892.00","922.00","922.00","885.00","","-3.15%"
"02-10-2016","921.00","864.00","921.00","860.00","","5.26%"
"25-09-2016","875.00","934.00","934.00","875.00","","-7.01%"
"18-09-2016","941.00","836.00","941.00","836.00","","17.63%"
"11-09-2016","800.00","804.00","804.00","756.00","","-0.50%"
"04-09-2016","804.00","724.00","804.00","724.00","","11.67%"
"28-08-2016","720.00","715.00","720.00","711.00","","0.00%"
"21-08-2016","720.00","687.00","720.00","687.00","","5.42%"
"14-08-2016","683.00","681.00","687.00","681.00","","1.79%"
"07-08-2016","671.00","636.00","671.00","631.00","","5.50%"
"31-07-2016","636.00","650.00","650.00","636.00","","-3.05%"
"24-07-2016","656.00","709.00","709.00","656.00","","-8.64%"
"17-07-2016","718.00","748.00","748.00","718.00","","-3.62%"
"10-07-2016","745.00","704.00","745.00","704.00","","5.97%"
"03-07-2016","703.00","688.00","703.00","688.00","","3.84%"
"26-06-2016","677.00","616.00","677.00","616.00","","11.17%"
"19-06-2016","609.00","582.00","609.00","580.00","","3.75%"
"12-06-2016","587.00","609.00","609.00","587.00","","-3.77%"
"05-06-2016","610.00","607.00","611.00","606.00","","0.00%"
"29-05-2016","610.00","612.00","612.00","606.00","","0.66%"
"22-05-2016","606.00","624.00","624.00","601.00","","-3.04%"
"15-05-2016","625.00","613.00","643.00","613.00","","4.17%"
"08-05-2016","600.00","616.00","616.00","579.00","","-4.91%"
"01-05-2016","631.00","682.00","682.00","631.00","","-10.24%"
"24-04-2016","703.00","690.00","715.00","690.00","","2.18%"
"17-04-2016","688.00","659.00","688.00","659.00","","8.35%"
"10-04-2016","635.00","555.00","635.00","555.00","","17.81%"
"03-04-2016","539.00","471.00","539.00","471.00","","19.78%"
"27-03-2016","450.00","409.00","450.00","409.00","","10.84%"
"20-03-2016","406.00","398.00","406.00","398.00","","2.78%"
"13-03-2016","395.00","393.00","396.00","392.00","","1.80%"
"06-03-2016","388.00","354.00","388.00","354.00","","11.17%"
"28-02-2016","349.00","329.00","349.00","329.00","","6.73%"
"21-02-2016","327.00","316.00","327.00","316.00","","3.81%"
"14-02-2016","315.00","295.00","315.00","295.00","","8.25%"
"07-02-2016","291.00","293.00","293.00","290.00","","-2.02%"
"31-01-2016","297.00","314.00","314.00","297.00","","-6.31%"
"24-01-2016","317.00","354.00","354.00","317.00","","-10.45%"
"17-01-2016","354.00","369.00","369.00","354.00","","-5.09%"
"10-01-2016","373.00","415.00","415.00","373.00","","-13.05%"
"03-01-2016","429.00","473.00","473.00","429.00","","-10.25%"
"20-12-2015","478.00","478.00","478.00","474.00","","0.21%"
"13-12-2015","477.00","508.00","508.00","471.00","","-8.62%"
"06-12-2015","522.00","551.00","551.00","522.00","","-7.28%"
"29-11-2015","563.00","584.00","598.00","563.00","","-3.10%"
"22-11-2015","581.00","516.00","581.00","516.00","","16.67%"
"15-11-2015","498.00","550.00","550.00","498.00","","-11.07%"
"08-11-2015","560.00","628.00","628.00","560.00","","-11.25%"
"01-11-2015","631.00","706.00","706.00","631.00","","-12.48%"
"25-10-2015","721.00","759.00","759.00","721.00","","-6.85%"
"18-10-2015","774.00","747.00","786.00","747.00","","2.65%"
"11-10-2015","754.00","809.00","809.00","754.00","","-6.80%"
"04-10-2015","809.00","881.00","881.00","809.00","","-9.00%"
"27-09-2015","889.00","943.00","943.00","888.00","","-5.73%"
"20-09-2015","943.00","978.00","978.00","917.00","","-1.77%"
"13-09-2015","960.00","805.00","960.00","802.00","","17.36%"
"06-09-2015","818.00","876.00","876.00","818.00","","-6.51%"
"30-08-2015","875.00","911.00","911.00","875.00","","-3.10%"
"23-08-2015","903.00","968.00","968.00","903.00","","-9.15%"
"16-08-2015","994.00","1,063.00","1,063.00","994.00","","-5.78%"
"09-08-2015","1,055.00","1,197.00","1,197.00","1,046.00","","-12.08%"
"02-08-2015","1,200.00","1,151.00","1,222.00","1,151.00","","6.10%"
"26-07-2015","1,131.00","1,090.00","1,131.00","1,090.00","","4.14%"
"19-07-2015","1,086.00","1,067.00","1,118.00","1,067.00","","3.63%"
"12-07-2015","1,048.00","900.00","1,048.00","900.00","","19.91%"
"05-07-2015","874.00","815.00","874.00","815.00","","8.57%"
"28-06-2015","805.00","813.00","813.00","794.00","","-2.19%"
"21-06-2015","823.00","779.00","829.00","779.00","","5.65%"
"14-06-2015","779.00","656.00","779.00","656.00","","21.34%"
"07-06-2015","642.00","610.00","642.00","610.00","","5.25%"
"31-05-2015","610.00","589.00","610.00","589.00","","3.57%"
"24-05-2015","589.00","584.00","589.00","584.00","","0.51%"
"17-05-2015","586.00","630.00","630.00","586.00","","-7.57%"
"10-05-2015","634.00","578.00","637.00","578.00","","10.45%"
"03-05-2015","574.00","580.00","580.00","573.00","","-2.21%"
"26-04-2015","587.00","600.00","601.00","587.00","","-2.17%"
"19-04-2015","600.00","598.00","601.00","598.00","","0.50%"
"12-04-2015","597.00","578.00","597.00","578.00","","2.93%"
"05-04-2015","580.00","583.00","583.00","580.00","","-1.36%"
"29-03-2015","588.00","599.00","602.00","588.00","","-1.34%"
"22-03-2015","596.00","594.00","598.00","594.00","","0.85%"
"15-03-2015","591.00","564.00","591.00","564.00","","5.16%"
"08-03-2015","562.00","568.00","568.00","560.00","","-0.53%"
"01-03-2015","565.00","548.00","565.00","548.00","","4.63%"
"22-02-2015","540.00","512.00","540.00","512.00","","6.09%"
"15-02-2015","509.00","522.00","522.00","509.00","","-3.96%"
"08-02-2015","530.00","554.00","556.00","530.00","","-5.19%"
"01-02-2015","559.00","590.00","590.00","559.00","","-8.06%"
"25-01-2015","608.00","703.00","703.00","608.00","","-15.56%"
"18-01-2015","720.00","739.00","770.00","720.00","","-2.83%"
"11-01-2015","741.00","723.00","762.00","723.00","","4.51%"
"04-01-2015","709.00","761.00","761.00","709.00","","-8.04%"
"28-12-2014","771.00","771.00","771.00","771.00","","-1.41%"
"21-12-2014","782.00","794.00","794.00","782.00","","-2.62%"
"14-12-2014","803.00","845.00","845.00","803.00","","-6.95%"
"07-12-2014","863.00","952.00","952.00","863.00","","-12.12%"
"30-11-2014","982.00","1,137.00","1,137.00","982.00","","-14.83%"
"23-11-2014","1,153.00","1,317.00","1,317.00","1,153.00","","-12.92%"
"16-11-2014","1,324.00","1,264.00","1,332.00","1,264.00","","5.41%"
"09-11-2014","1,256.00","1,418.00","1,418.00","1,256.00","","-12.60%"
"02-11-2014","1,437.00","1,456.00","1,484.00","1,436.00","","0.63%"
"26-10-2014","1,428.00","1,285.00","1,428.00","1,285.00","","19.80%"
"19-10-2014","1,192.00","973.00","1,192.00","973.00","","26.27%"
"12-10-2014","944.00","954.00","954.00","930.00","","-1.97%"
"05-10-2014","963.00","1,029.00","1,029.00","963.00","","-7.14%"
"28-09-2014","1,037.00","1,062.00","1,063.00","1,037.00","","-1.14%"
"21-09-2014","1,049.00","1,077.00","1,077.00","1,038.00","","-2.42%"
"14-09-2014","1,075.00","1,173.00","1,173.00","1,075.00","","-8.98%"
"07-09-2014","1,181.00","1,166.00","1,197.00","1,166.00","","2.25%"
"31-08-2014","1,155.00","1,151.00","1,155.00","1,142.00","","0.70%"
"24-08-2014","1,147.00","1,070.00","1,147.00","1,063.00","","5.42%"
"17-08-2014","1,088.00","1,042.00","1,096.00","1,040.00","","7.19%"
"10-08-2014","1,015.00","792.00","1,015.00","792.00","","30.63%"
"03-08-2014","777.00","753.00","777.00","753.00","","3.46%"
"27-07-2014","751.00","743.00","755.00","743.00","","1.62%"
"20-07-2014","739.00","724.00","739.00","723.00","","0.96%"
"13-07-2014","732.00","798.00","798.00","732.00","","-10.07%"
"06-07-2014","814.00","888.00","888.00","814.00","","-8.85%"
"29-06-2014","893.00","850.00","894.00","850.00","","7.46%"
"22-06-2014","831.00","886.00","886.00","824.00","","-8.08%"
"15-06-2014","904.00","880.00","904.00","858.00","","-0.22%"
"08-06-2014","906.00","999.00","1,004.00","906.00","","-8.39%"
"01-06-2014","989.00","934.00","989.00","934.00","","5.89%"
"25-05-2014","934.00","973.00","973.00","934.00","","-3.11%"
"18-05-2014","964.00","1,022.00","1,022.00","964.00","","-6.13%"
"11-05-2014","1,027.00","987.00","1,027.00","982.00","","3.01%"
"04-05-2014","997.00","1,017.00","1,022.00","997.00","","-1.97%"
"27-04-2014","1,017.00","961.00","1,017.00","943.00","","5.17%"
"20-04-2014","967.00","939.00","967.00","939.00","","3.98%"
"13-04-2014","930.00","989.00","989.00","930.00","","-7.19%"
"06-04-2014","1,002.00","1,186.00","1,186.00","1,002.00","","-16.85%"
"30-03-2014","1,205.00","1,362.00","1,362.00","1,205.00","","-12.24%"
"23-03-2014","1,373.00","1,602.00","1,602.00","1,373.00","","-14.13%"
"16-03-2014","1,599.00","1,481.00","1,621.00","1,481.00","","8.26%"
"09-03-2014","1,477.00","1,562.00","1,580.00","1,453.00","","-4.28%"
"02-03-2014","1,543.00","1,276.00","1,543.00","1,276.00","","22.66%"
"23-02-2014","1,258.00","1,174.00","1,258.00","1,174.00","","7.06%"
"16-02-2014","1,175.00","1,130.00","1,175.00","1,130.00","","6.24%"
"09-02-2014","1,106.00","1,096.00","1,106.00","1,085.00","","1.37%"
"02-02-2014","1,091.00","1,093.00","1,093.00","1,084.00","","-1.71%"
"26-01-2014","1,110.00","1,217.00","1,217.00","1,110.00","","-10.91%"
"19-01-2014","1,246.00","1,428.00","1,428.00","1,246.00","","-12.32%"
"12-01-2014","1,421.00","1,395.00","1,421.00","1,370.00","","-6.02%"
"05-01-2014","1,512.00","1,951.00","1,951.00","1,512.00","","-25.74%"
"29-12-2013","2,036.00","2,113.00","2,113.00","2,036.00","","-10.58%"
"22-12-2013","2,277.00","2,247.00","2,277.00","2,247.00","","3.13%"
"15-12-2013","2,208.00","2,292.00","2,292.00","2,134.00","","-5.24%"
"08-12-2013","2,330.00","2,183.00","2,337.00","2,183.00","","7.08%"
"01-12-2013","2,176.00","1,865.00","2,176.00","1,865.00","","19.49%"
"24-11-2013","1,821.00","1,492.00","1,821.00","1,492.00","","22.79%"
"17-11-2013","1,483.00","1,500.00","1,527.00","1,483.00","","-1.59%"
"10-11-2013","1,507.00","1,564.00","1,564.00","1,507.00","","-4.68%"
"03-11-2013","1,581.00","1,552.00","1,602.00","1,552.00","","3.67%"
"27-10-2013","1,525.00","1,619.00","1,619.00","1,484.00","","-8.74%"
"20-10-2013","1,671.00","1,878.00","1,878.00","1,671.00","","-12.10%"
"13-10-2013","1,901.00","1,961.00","1,965.00","1,901.00","","-4.23%"
"06-10-2013","1,985.00","2,115.00","2,146.00","1,985.00","","-4.75%"
"29-09-2013","2,084.00","2,003.00","2,084.00","1,994.00","","1.86%"
"22-09-2013","2,046.00","1,947.00","2,127.00","1,947.00","","7.46%"
"15-09-2013","1,904.00","1,651.00","1,904.00","1,651.00","","16.38%"
"08-09-2013","1,636.00","1,478.00","1,636.00","1,478.00","","21.01%"
"01-09-2013","1,352.00","1,139.00","1,352.00","1,139.00","","19.43%"
"25-08-2013","1,132.00","1,169.00","1,169.00","1,132.00","","-2.83%"
"18-08-2013","1,165.00","1,115.00","1,165.00","1,115.00","","5.72%"
"11-08-2013","1,102.00","996.00","1,102.00","996.00","","10.09%"
"04-08-2013","1,001.00","1,058.00","1,058.00","1,001.00","","-6.01%"
"28-07-2013","1,065.00","1,075.00","1,075.00","1,062.00","","-1.57%"
"21-07-2013","1,082.00","1,135.00","1,135.00","1,082.00","","-4.92%"
"14-07-2013","1,138.00","1,151.00","1,152.00","1,138.00","","-0.96%"
"07-07-2013","1,149.00","1,115.00","1,149.00","1,115.00","","4.55%"
"30-06-2013","1,099.00","1,179.00","1,179.00","1,099.00","","-6.15%"
"23-06-2013","1,171.00","1,062.00","1,171.00","1,062.00","","14.02%"
"16-06-2013","1,027.00","925.00","1,027.00","925.00","","14.11%"
"09-06-2013","900.00","815.00","900.00","815.00","","10.84%"
"02-06-2013","812.00","806.00","812.00","801.00","","0.37%"
"26-05-2013","809.00","822.00","822.00","809.00","","-2.06%"
"19-05-2013","826.00","836.00","836.00","826.00","","-1.78%"
"12-05-2013","841.00","879.00","879.00","841.00","","-4.86%"
"05-05-2013","884.00","889.00","892.00","884.00","","0.68%"
"28-04-2013","878.00","868.00","878.00","862.00","","0.80%"
"21-04-2013","871.00","889.00","889.00","871.00","","-1.91%"
"14-04-2013","888.00","876.00","888.00","876.00","","1.49%"
"07-04-2013","875.00","858.00","875.00","856.00","","1.63%"
"31-03-2013","861.00","896.00","896.00","861.00","","-5.38%"
"24-03-2013","910.00","935.00","935.00","910.00","","-2.47%"
"17-03-2013","933.00","899.00","933.00","899.00","","4.60%"
"10-03-2013","892.00","847.00","892.00","847.00","","5.81%"
"03-03-2013","843.00","789.00","843.00","789.00","","8.63%"
"24-02-2013","776.00","743.00","776.00","741.00","","4.86%"
"17-02-2013","740.00","747.00","747.00","735.00","","-1.73%"
"10-02-2013","753.00","746.00","753.00","746.00","","0.67%"
"03-02-2013","748.00","745.00","749.00","739.00","","-0.27%"
"27-01-2013","750.00","792.00","792.00","750.00","","-6.02%"
"20-01-2013","798.00","838.00","838.00","798.00","","-4.66%"
"13-01-2013","837.00","762.00","837.00","762.00","","10.13%"
"06-01-2013","760.00","712.00","760.00","712.00","","7.65%"
"30-12-2012","706.00","698.00","706.00","698.00","","1.00%"
"23-12-2012","699.00","699.00","699.00","699.00","","-0.14%"
"16-12-2012","700.00","766.00","766.00","700.00","","-10.71%"
"09-12-2012","784.00","937.00","937.00","784.00","","-18.84%"
"02-12-2012","966.00","1,077.00","1,077.00","966.00","","-11.05%"
"25-11-2012","1,086.00","1,094.00","1,104.00","1,086.00","","-0.37%"
"18-11-2012","1,090.00","1,054.00","1,090.00","1,054.00","","5.21%"
"11-11-2012","1,036.00","965.00","1,036.00","965.00","","10.21%"
"04-11-2012","940.00","971.00","971.00","916.00","","-4.67%"
"28-10-2012","986.00","1,048.00","1,048.00","986.00","","-6.01%"
"21-10-2012","1,049.00","1,037.00","1,109.00","1,037.00","","3.86%"
"14-10-2012","1,010.00","941.00","1,010.00","941.00","","9.07%"
"07-10-2012","926.00","883.00","926.00","875.00","","5.83%"
"30-09-2012","875.00","777.00","875.00","777.00","","14.23%"
"23-09-2012","766.00","772.00","772.00","744.00","","-1.03%"
"16-09-2012","774.00","663.00","774.00","663.00","","16.92%"
"09-09-2012","662.00","666.00","666.00","661.00","","-1.05%"
"02-09-2012","669.00","698.00","698.00","669.00","","-4.84%"
"26-08-2012","703.00","717.00","724.00","703.00","","-1.95%"
"19-08-2012","717.00","711.00","717.00","709.00","","0.42%"
"12-08-2012","714.00","764.00","764.00","714.00","","-7.75%"
"05-08-2012","774.00","843.00","843.00","774.00","","-9.15%"
"29-07-2012","852.00","915.00","915.00","852.00","","-8.68%"
"22-07-2012","933.00","1,022.00","1,022.00","933.00","","-10.03%"
"15-07-2012","1,037.00","1,102.00","1,102.00","1,037.00","","-6.58%"
"08-07-2012","1,110.00","1,162.00","1,162.00","1,110.00","","-4.06%"
"01-07-2012","1,157.00","1,013.00","1,157.00","1,013.00","","15.24%"
"24-06-2012","1,004.00","978.00","1,004.00","978.00","","2.66%"
"17-06-2012","978.00","938.00","978.00","938.00","","5.84%"
"10-06-2012","924.00","884.00","924.00","884.00","","5.36%"
"03-06-2012","877.00","878.00","878.00","872.00","","-2.99%"
"27-05-2012","904.00","1,012.00","1,012.00","904.00","","-12.57%"
"20-05-2012","1,034.00","1,141.00","1,141.00","1,034.00","","-9.38%"
"13-05-2012","1,141.00","1,132.00","1,141.00","1,130.00","","0.26%"
"06-05-2012","1,138.00","1,157.00","1,165.00","1,138.00","","-1.64%"
"29-04-2012","1,157.00","1,155.00","1,157.00","1,149.00","","0.09%"
"22-04-2012","1,156.00","1,090.00","1,156.00","1,090.00","","8.34%"
"15-04-2012","1,067.00","975.00","1,067.00","975.00","","9.77%"
"08-04-2012","972.00","928.00","972.00","928.00","","4.74%"
"01-04-2012","928.00","934.00","934.00","926.00","","-0.64%"
"25-03-2012","934.00","912.00","934.00","912.00","","2.86%"
"18-03-2012","908.00","879.00","908.00","879.00","","3.89%"
"11-03-2012","874.00","837.00","874.00","837.00","","6.07%"
"04-03-2012","824.00","782.00","824.00","782.00","","6.87%"
"26-02-2012","771.00","730.00","771.00","730.00","","7.38%"
"19-02-2012","718.00","715.00","718.00","704.00","","0.14%"
"12-02-2012","717.00","729.00","734.00","717.00","","0.28%"
"05-02-2012","715.00","648.00","715.00","648.00","","10.51%"
"29-01-2012","647.00","702.00","702.00","647.00","","-10.88%"
"22-01-2012","726.00","841.00","841.00","726.00","","-15.78%"
"15-01-2012","862.00","1,013.00","1,013.00","862.00","","-18.14%"
"08-01-2012","1,053.00","1,308.00","1,308.00","1,053.00","","-21.83%"
"01-01-2012","1,347.00","1,624.00","1,624.00","1,347.00","","-22.50%"
"18-12-2011","1,738.00","1,885.00","1,885.00","1,738.00","","-7.94%"
"11-12-2011","1,888.00","1,930.00","1,930.00","1,888.00","","-1.77%"
"04-12-2011","1,922.00","1,856.00","1,922.00","1,848.00","","3.00%"
"27-11-2011","1,866.00","1,809.00","1,866.00","1,809.00","","3.27%"
"20-11-2011","1,807.00","1,874.00","1,874.00","1,807.00","","-4.64%"
"13-11-2011","1,895.00","1,818.00","1,898.00","1,818.00","","3.27%"
"06-11-2011","1,835.00","1,766.00","1,840.00","1,759.00","","2.86%"
"30-10-2011","1,784.00","1,965.00","1,965.00","1,784.00","","-11.60%"
"23-10-2011","2,018.00","2,153.00","2,161.00","2,018.00","","-6.27%"
"16-10-2011","2,153.00","2,160.00","2,161.00","2,136.00","","-0.92%"
"09-10-2011","2,173.00","2,032.00","2,173.00","2,032.00","","8.65%"
"02-10-2011","2,000.00","1,886.00","2,000.00","1,885.00","","5.32%"
"25-09-2011","1,899.00","1,928.00","1,928.00","1,899.00","","-1.09%"
"18-09-2011","1,920.00","1,764.00","1,920.00","1,764.00","","5.84%"
"11-09-2011","1,814.00","1,876.00","1,927.00","1,814.00","","-1.31%"
"04-09-2011","1,838.00","1,750.00","1,838.00","1,744.00","","5.63%"
"28-08-2011","1,740.00","1,537.00","1,740.00","1,537.00","","12.91%"
"21-08-2011","1,541.00","1,515.00","1,602.00","1,515.00","","5.40%"
"14-08-2011","1,462.00","1,306.00","1,462.00","1,306.00","","13.60%"
"07-08-2011","1,287.00","1,264.00","1,287.00","1,257.00","","1.50%"
"31-07-2011","1,268.00","1,256.00","1,268.00","1,253.00","","0.32%"
"24-07-2011","1,264.00","1,317.00","1,317.00","1,264.00","","-4.46%"
"17-07-2011","1,323.00","1,340.00","1,340.00","1,323.00","","-2.22%"
"10-07-2011","1,353.00","1,437.00","1,437.00","1,353.00","","-6.63%"
"03-07-2011","1,449.00","1,419.00","1,453.00","1,419.00","","1.90%"
"26-06-2011","1,422.00","1,442.00","1,442.00","1,413.00","","-0.14%"
"19-06-2011","1,424.00","1,418.00","1,424.00","1,406.00","","0.07%"
"12-06-2011","1,423.00","1,412.00","1,424.00","1,400.00","","0.35%"
"05-06-2011","1,418.00","1,484.00","1,484.00","1,418.00","","-4.77%"
"29-05-2011","1,489.00","1,480.00","1,489.00","1,480.00","","1.02%"
"22-05-2011","1,474.00","1,369.00","1,474.00","1,369.00","","9.27%"
"15-05-2011","1,349.00","1,291.00","1,349.00","1,271.00","","3.29%"
"08-05-2011","1,306.00","1,348.00","1,348.00","1,306.00","","-2.54%"
"01-05-2011","1,340.00","1,292.00","1,340.00","1,292.00","","5.59%"
"24-04-2011","1,269.00","1,250.00","1,269.00","1,250.00","","1.20%"
"17-04-2011","1,254.00","1,284.00","1,284.00","1,254.00","","-3.24%"
"10-04-2011","1,296.00","1,359.00","1,359.00","1,296.00","","-5.81%"
"03-04-2011","1,376.00","1,498.00","1,498.00","1,376.00","","-9.47%"
"27-03-2011","1,520.00","1,585.00","1,585.00","1,520.00","","-4.10%"
"20-03-2011","1,585.00","1,531.00","1,585.00","1,531.00","","3.53%"
"13-03-2011","1,531.00","1,559.00","1,559.00","1,531.00","","-1.98%"
"06-03-2011","1,562.00","1,382.00","1,562.00","1,382.00","","16.05%"
"27-02-2011","1,346.00","1,251.00","1,346.00","1,251.00","","8.11%"
"20-02-2011","1,245.00","1,295.00","1,295.00","1,242.00","","-4.30%"
"13-02-2011","1,301.00","1,206.00","1,301.00","1,206.00","","10.44%"
"06-02-2011","1,178.00","1,045.00","1,178.00","1,045.00","","12.94%"
"30-01-2011","1,043.00","1,107.00","1,107.00","1,043.00","","-8.27%"
"23-01-2011","1,137.00","1,345.00","1,345.00","1,137.00","","-17.01%"
"16-01-2011","1,370.00","1,439.00","1,439.00","1,370.00","","-4.79%"
"09-01-2011","1,439.00","1,495.00","1,495.00","1,439.00","","-5.27%"
"02-01-2011","1,519.00","1,693.00","1,693.00","1,519.00","","-14.33%"